{"1200": {"1": {"data": [[125.70149253731343, 91.11940298507463],
                     [73.24137931034483, 62.91379310344828],
                     [146.44230769230768, 122.63461538461539],
                     [138.0084745762712, 111.92372881355932],
                     [88.92307692307692, 74.41025641025641],
                     [46.48888888888889, 28.2],
                     [127.20370370370371, 101.83333333333333],
                     [88.52380952380952, 84.16666666666667],
                     [65.34782608695652, 48.26086956521739],
                     [46.25, 39.875],
                     [72.63636363636364, 58.54545454545455],
                     [60.53061224489796, 33.02040816326531],
                     [132.88, 127.46],
                     [27.142857142857142, 21.571428571428573],
                     [51.92307692307692, 40.38461538461539],
                     [60.69230769230769, 51.0],
                     [126.04545454545455, 100.81818181818181],
                     [23.555555555555557, 17.27777777777778],
                     [81.25, 69.60416666666667],
                     [57.2, 49.4],
                     [81.4074074074074, 51.592592592592595],
                     [97.92792792792793, 69.89189189189189],
                     [67.85714285714286, 53.34285714285714],
                     [81.78260869565217, 50.05797101449275],
                     [77.66666666666667, 75.45454545454545]]},
        "3": {"data": [[210.55384615384617, 195.1076923076923],
                     [110.53703703703704, 123.20987654320987],
                     [187.04, 183.41999999999996],
                     [172.95689655172413, 162.55459770114945],
                     [200.02702702702703, 199.02702702702703],
                     [77.37209302325581, 92.75193798449612],
                     [188.75, 190.25641025641028],
                     [104.90243902439025, 82.9430894308943],
                     [101.01098901098901, 87.21428571428575],
                     [38.333333333333336, 43.888888888888886],
                     [139.11111111111111, 136.18518518518516],
                     [102.0, 76.03608247422677],
                     [188.22680412371133, 187.2388316151203],
                     [43.4, 40.93333333333334],
                     [56.09090909090909, 56.212121212121204],
                     [69.0909090909091, 68.06060606060606],
                     [154.05, 148.83333333333334],
                     [54.470588235294116, 39.25490196078432],
                     [140.82978723404256, 142.22695035460993],
                     [73.375, 58.50000000000001],
                     [148.16, 134.05333333333334],
                     [166.54128440366972, 166.1620795107033],
                     [127.76470588235294, 117.66666666666666],
                     [141.91044776119404, 143.16417910447763],
                     [126.90322580645162, 138.6774193548387]]},
        "5": {"data": [[268.3333333333333, 280.5650793650792],
                     [136.59615384615384, 150.9798076923077],
                     [208.77083333333334, 226.43750000000003],
                     [226.15652173913043, 227.93681159420294],
                     [323.57142857142856, 342.92],
                     [97.48780487804878, 113.44878048780487],
                     [245.69387755102042, 239.2513605442177],
                     [145.5, 124.05999999999997],
                     [162.26666666666668, 156.29333333333335],
                     [48.0, 44.6],
                     [160.42857142857142, 167.11428571428573],
                     [116.8, 103.76842105263158],
                     [217.80645161290323, 246.23387096774198],
                     [65.0, 61.86666666666667],
                     [84.33333333333333, 76.91111111111111],
                     [97.22222222222223, 97.0],
                     [191.72222222222223, 216.2111111111111],
                     [83.375, 62.59375],
                     [189.77777777777777, 172.43111111111114],
                     [47.166666666666664, 44.43333333333333],
                     [203.04347826086956, 186.58260869565217],
                     [224.44859813084113, 212.62429906542056],
                     [201.625, 182.97708333333338],
                     [188.2153846153846, 214.29538461538462],
                     [159.68965517241378, 155.0275862068965]]},
        "7": {"data": [[307.0, 311.0115207373272],
                     [158.10204081632654, 174.19591836734693],
                     [249.80434782608697, 272.8633540372671],
                     [291.75221238938053, 286.9562157606406],
                     [450.6666666666667, 478.19191919191917],
                     [95.92307692307692, 113.2051282051282],
                     [330.5208333333333, 291.7274305555556],
                     [180.0, 152.09022556390977],
                     [148.8409090909091, 149.4706168831169],
                     [75.0, 72.21428571428572],
                     [219.0, 224.54285714285714],
                     [127.74193548387096, 112.46497695852537],
                     [257.72527472527474, 279.32888540031394],
                     [72.0, 77.57142857142857],
                     [123.85714285714286, 119.6938775510204],
                     [111.85714285714286, 124.16326530612248],
                     [209.6875, 244.83035714285717],
                     [101.73333333333333, 96.43333333333334],
                     [215.09302325581396, 202.62790697674419],
                     [73.5, 69.64285714285714],
                     [291.23809523809524, 264.3061224489796],
                     [250.14285714285714, 236.1063945578231],
                     [275.5, 261.60595238095243],
                     [245.57142857142858, 266.72108843537416],
                     [201.25925925925927, 203.12698412698415]]}},
 "1500": {"1": {"data": [[113.56521739130434, 93.21739130434783],
                     [56.145161290322584, 31.983870967741936],
                     [32.67567567567568, 24.594594594594593],
                     [43.12359550561798, 52.7752808988764],
                     [48.24242424242424, 57.93939393939394],
                     [53.6271186440678, 46.54237288135593],
                     [75.72357723577235, 53.926829268292686],
                     [48.714285714285715, 43.57142857142857],
                     [50.523809523809526, 35.74603174603175],
                     [48.705882352941174, 48.529411764705884],
                     [52.25, 43.78125],
                     [82.97297297297297, 47.62162162162162],
                     [55.197916666666664, 25.84375],
                     [36.96153846153846, 37.93589743589744],
                     [85.48936170212765, 44.40425531914894],
                     [51.92941176470588, 39.247058823529414],
                     [63.54761904761905, 37.80952380952381],
                     [52.30769230769231, 78.0],
                     [42.94202898550725, 27.347826086956523],
                     [59.57446808510638, 59.4468085106383],
                     [92.93877551020408, 69.92517006802721],
                     [95.08695652173913, 65.15217391304348],
                     [53.16949152542373, 33.067796610169495],
                     [145.54347826086956, 115.34782608695652],
                     [49.42857142857143, 56.75]]},